Name,Birthday,Username
Luis Boyce,1928-08-30 00:00:00,N/A
Timur Rich,1981-04-25 00:00:00,trich
Abigail Avery,1966-07-19 00:00:00,N/A
Emir Flynn,1907-03-17 00:00:00,N/A
Alby Gardiner,1980-11-12 00:00:00,N/A
Eva Hooper,1922-11-19 00:00:00,N/A
Jimmy Richardson,1990-05-04 00:00:00,N/A
Abdulahi Lane,1956-01-31 00:00:00,N/A
Yvonne Santiago,1920-02-19 00:00:00,N/A
Ananya Hebert,1982-11-08 00:00:00,N/A
Luisa Sheppard,1917-01-02 00:00:00,N/A
Eden Vang,1945-11-12 00:00:00,N/A
Atif Lugo,1941-10-07 00:00:00,N/A
Dainton Powell,1978-02-16 00:00:00,N/A
Luis Boyce,1928-08-30 00:00:00,N/A
Joel Blackwell,1913-03-09 00:00:00,jblackwell
Chantel Atherton,1972-02-05 00:00:00,N/A
Jimmy Richardson,1990-05-04 00:00:00,N/A
Abdulahi Lane,1956-01-31 00:00:00,N/A
